Events (chronological order),Interval,Observation id,Observation date,Subject,Behavior,Start (s),Stop (s),,,,,
1,A,July 25 M2U00511,7/1/2021 18:41,90F',Still,328,328,,,,,
2,A,July 25 M2U00511,7/1/2021 18:41,B9A',Self-grooming,328,328,,,,,
3,A,July 25 M2U00511,7/1/2021 18:41,C4B',Still,328,328,,,,,
4,A,July 25 M2U00511,7/1/2021 18:41,516',Still,328,328,,,,,
5,A,July 25 M2U00511,7/1/2021 18:41,7F0',Still,328,328,,,,,
6,A,July 25 M2U00511,7/1/2021 18:41,D8A',Still,328,328,,,,,
7,A,July 25 M2U00511,7/1/2021 18:41,E77',Still,328,328,,,,,
8,A,July 25 M2U00511,7/1/2021 18:41,3E4',Self-grooming,328.931,328.931,,,,,
9,A,July 25 M2U00511,7/1/2021 18:41,90F',Self-grooming,332.333,332.333,,,,,
10,A,July 25 M2U00511,7/1/2021 18:41,B9A',Self-grooming,332.333,332.333,,,,,
11,A,July 25 M2U00511,7/1/2021 18:41,3E4',Self-grooming,333.635,333.635,,,,,
12,A,July 25 M2U00511,7/1/2021 18:41,E77',Self-grooming,333.635,333.635,,,,,
13,A,July 25 M2U00511,7/1/2021 18:41,B9A',Still,342.944,342.944,,,,,
14,A,July 25 M2U00511,7/1/2021 18:41,C4B',ACU - Side,388.591,388.591,,,,,
15,A,July 25 M2U00511,7/1/2021 18:41,E77',Allow ACU,388.591,388.591,,,,,
16,A,July 25 M2U00511,7/1/2021 18:41,90F',Wing stretch,392.995,392.995,,,,,
17,A,July 25 M2U00511,7/1/2021 18:41,D8A',Leave cluster,437.24,437.24,,,,,
18,A,July 25 M2U00511,7/1/2021 18:41,90F',END,448,448,,,,,
19,A,July 25 M2U00511,7/1/2021 18:41,B9A',END,448,448,,,,,
20,A,July 25 M2U00511,7/1/2021 18:41,C4B',END,448,448,,,,,
21,A,July 25 M2U00511,7/1/2021 18:41,516',END,448,448,,,,,
22,A,July 25 M2U00511,7/1/2021 18:41,3E4',END,448,448,,,,,
23,A,July 25 M2U00511,7/1/2021 18:41,7F0',END,448,448,,,,,
24,A,July 25 M2U00511,7/1/2021 18:41,D8A',END,448,448,,,,,
25,A,July 25 M2U00511,7/1/2021 18:41,E77',END,448,448,,,,,
26,B,July 25 M2U00511,7/1/2021 18:41,90F',Still,2247,2247,,,,,
27,B,July 25 M2U00511,7/1/2021 18:41,B9A',Still,2247,2247,,,,,
28,B,July 25 M2U00511,7/1/2021 18:41,C4B',Still,2247,2247,,,,,
29,B,July 25 M2U00511,7/1/2021 18:41,516',Still,2247,2247,,,,,
30,B,July 25 M2U00511,7/1/2021 18:41,3E4',Still,2247,2247,,,,,
31,B,July 25 M2U00511,7/1/2021 18:41,7F0',Self-grooming,2247,2247,,,,,
32,B,July 25 M2U00511,7/1/2021 18:41,D8A',Still,2247,2247,,,,,
33,B,July 25 M2U00511,7/1/2021 18:41,E77',Still,2247,2247,,,,,
34,B,July 25 M2U00511,7/1/2021 18:41,90F',Self-grooming,2270.169,2270.169,,,,,
35,B,July 25 M2U00511,7/1/2021 18:41,7F0',Wing stretch,2291.291,2291.291,,,,,
36,B,July 25 M2U00511,7/1/2021 18:41,516',Self-grooming,2309.71,2309.71,,,,,
37,B,July 25 M2U00511,7/1/2021 18:41,7F0',Leave cluster,2337.937,2337.937,,,,,
38,B,July 25 M2U00511,7/1/2021 18:41,90F',END,2367,2367,,,,,
39,B,July 25 M2U00511,7/1/2021 18:41,B9A',END,2367,2367,,,,,
40,B,July 25 M2U00511,7/1/2021 18:41,C4B',END,2367,2367,,,,,
41,B,July 25 M2U00511,7/1/2021 18:41,516',END,2367,2367,,,,,
42,B,July 25 M2U00511,7/1/2021 18:41,3E4',END,2367,2367,,,,,
43,B,July 25 M2U00511,7/1/2021 18:41,7F0',END,2367,2367,,,,,
44,B,July 25 M2U00511,7/1/2021 18:41,D8A',END,2367,2367,,,,,
45,B,July 25 M2U00511,7/1/2021 18:41,E77',END,2367,2367,,,,,
46,C,July 25 M2U00511,7/1/2021 18:41,90F',Still,4167,4167,,,,,
47,C,July 25 M2U00511,7/1/2021 18:41,B9A',Still,4167,4167,,,,,
48,C,July 25 M2U00511,7/1/2021 18:41,C4B',Still,4167,4167,,,,,
49,C,July 25 M2U00511,7/1/2021 18:41,516',Still,4167,4167,,,,,
50,C,July 25 M2U00511,7/1/2021 18:41,3E4',Still,4167,4167,,,,,
51,C,July 25 M2U00511,7/1/2021 18:41,7F0',Still,4167,4167,,,,,
52,C,July 25 M2U00511,7/1/2021 18:41,D8A',Still,4167,4167,,,,,
53,C,July 25 M2U00511,7/1/2021 18:41,E77',Still,4167,4167,,,,,
54,C,July 25 M2U00511,7/1/2021 18:41,3E4',Self-grooming,4169.267,4169.267,,,,,
55,C,July 25 M2U00511,7/1/2021 18:41,7F0',Self-grooming,4172.27,4172.27,,,,,
56,C,July 25 M2U00511,7/1/2021 18:41,E77',Still,4178.375,4178.375,,,,,
57,C,July 25 M2U00511,7/1/2021 18:41,E77',Wing stretch,4190.689,4190.689,,,,,
58,C,July 25 M2U00511,7/1/2021 18:41,E77',Self-grooming,4198.296,4198.296,,,,,
59,C,July 25 M2U00511,7/1/2021 18:41,90F',Wing stretch,4222.52,4222.52,,,,,
60,C,July 25 M2U00511,7/1/2021 18:41,516',Active - Walking,4233.231,4233.231,,,,,
61,C,July 25 M2U00511,7/1/2021 18:41,D8A',Active - Walking,4255.753,4255.753,,,,,
62,C,July 25 M2U00511,7/1/2021 18:41,D8A',ACU - Head first,4258.856,4258.856,,,,,
63,C,July 25 M2U00511,7/1/2021 18:41,C4B',Block ACU,4263.16,4263.16,,,,,
64,C,July 25 M2U00511,7/1/2021 18:41,D8A',Self-grooming,4267.865,4267.865,,,,,
65,C,July 25 M2U00511,7/1/2021 18:41,516',Active - Walking,4276.273,4276.273,,,,,
66,C,July 25 M2U00511,7/1/2021 18:41,516',Crawl over,4280.879,4280.879,,,,,
67,C,July 25 M2U00511,7/1/2021 18:41,D8A',Allow crawl over,4280.879,4280.879,,,,,
68,C,July 25 M2U00511,7/1/2021 18:41,90F',END,4287,4287,,,,,
69,C,July 25 M2U00511,7/1/2021 18:41,B9A',END,4287,4287,,,,,
70,C,July 25 M2U00511,7/1/2021 18:41,C4B',END,4287,4287,,,,,
71,C,July 25 M2U00511,7/1/2021 18:41,516',END,4287,4287,,,,,
72,C,July 25 M2U00511,7/1/2021 18:41,3E4',END,4287,4287,,,,,
73,C,July 25 M2U00511,7/1/2021 18:41,7F0',END,4287,4287,,,,,
74,C,July 25 M2U00511,7/1/2021 18:41,D8A',END,4287,4287,,,,,
75,C,July 25 M2U00511,7/1/2021 18:41,E77',END,4287,4287,,,,,
76,D,July 25 M2U00512,7/6/2021 1:22,90F',Still,244,244,,,,,
77,D,July 25 M2U00512,7/6/2021 1:22,B9A',Still,244,244,,,,,
78,D,July 25 M2U00512,7/6/2021 1:22,C4B',Still,244,244,,,,,
79,D,July 25 M2U00512,7/6/2021 1:22,516',Still,244,244,,,,,
80,D,July 25 M2U00512,7/6/2021 1:22,3E4',Still,244,244,,,,,
81,D,July 25 M2U00512,7/6/2021 1:22,7F0',Still,244,244,,,,,
82,D,July 25 M2U00512,7/6/2021 1:22,D8A',Self-grooming,244,244,,,,,
83,D,July 25 M2U00512,7/6/2021 1:22,E77',Still,244,244,,,,,
84,D,July 25 M2U00512,7/6/2021 1:22,B9A',Self-grooming,248.594,248.594,,,,,
85,D,July 25 M2U00512,7/6/2021 1:22,90F',END,364,364,,,,,
86,D,July 25 M2U00512,7/6/2021 1:22,B9A',END,364,364,,,,,
87,D,July 25 M2U00512,7/6/2021 1:22,C4B',END,364,364,,,,,
88,D,July 25 M2U00512,7/6/2021 1:22,516',END,364,364,,,,,
89,D,July 25 M2U00512,7/6/2021 1:22,3E4',END,364,364,,,,,
90,D,July 25 M2U00512,7/6/2021 1:22,7F0',END,364,364,,,,,
91,D,July 25 M2U00512,7/6/2021 1:22,D8A',END,364,364,,,,,
92,D,July 25 M2U00512,7/6/2021 1:22,E77',END,364,364,,,,,
93,E,July 25 M2U00512,7/6/2021 1:22,90F',Still,2164,2164,,,,,
94,E,July 25 M2U00512,7/6/2021 1:22,B9A',Still,2164,2164,,,,,
95,E,July 25 M2U00512,7/6/2021 1:22,C4B',Still,2164,2164,,,,,
96,E,July 25 M2U00512,7/6/2021 1:22,516',Still,2164,2164,,,,,
97,E,July 25 M2U00512,7/6/2021 1:22,3E4',Still,2164,2164,,,,,
98,E,July 25 M2U00512,7/6/2021 1:22,7F0',Still,2164,2164,,,,,
99,E,July 25 M2U00512,7/6/2021 1:22,D8A',Still,2164,2164,,,,,
100,E,July 25 M2U00512,7/6/2021 1:22,E77',Still,2164,2164,,,,,
101,E,July 25 M2U00512,7/6/2021 1:22,516',Crawl over,2169.813,2169.813,,,,,
102,E,July 25 M2U00512,7/6/2021 1:22,D8A',Allow crawl over,2169.813,2169.813,,,,,
103,E,July 25 M2U00512,7/6/2021 1:22,90F',Leave cluster,2173.517,2173.517,,,,,
104,E,July 25 M2U00512,7/6/2021 1:22,516',Leave cluster,2194.238,2194.238,,,,,
105,E,July 25 M2U00512,7/6/2021 1:22,B9A',Wing stretch,2198.242,2198.242,,,,,
106,E,July 25 M2U00512,7/6/2021 1:22,B9A',Self-grooming,2200.444,2200.444,,,,,
107,E,July 25 M2U00512,7/6/2021 1:22,B9A',Block ACU,2206.05,2206.05,,,,,
108,E,July 25 M2U00512,7/6/2021 1:22,516',ACU - Head first,2206.05,2206.05,,,,,
109,E,July 25 M2U00512,7/6/2021 1:22,516',Self-grooming,2231.475,2231.475,,,,,
110,E,July 25 M2U00512,7/6/2021 1:22,90F',ACU - Head first,2268.112,2268.112,,,,,
111,E,July 25 M2U00512,7/6/2021 1:22,90F',Join cluster 1,2268.112,2268.112,,,,,
112,E,July 25 M2U00512,7/6/2021 1:22,D8A',Allow ACU,2271.114,2271.114,,,,,
113,E,July 25 M2U00512,7/6/2021 1:22,90F',END,2284,2284,,,,,
114,E,July 25 M2U00512,7/6/2021 1:22,B9A',END,2284,2284,,,,,
115,E,July 25 M2U00512,7/6/2021 1:22,C4B',END,2284,2284,,,,,
116,E,July 25 M2U00512,7/6/2021 1:22,516',END,2284,2284,,,,,
117,E,July 25 M2U00512,7/6/2021 1:22,3E4',END,2284,2284,,,,,
118,E,July 25 M2U00512,7/6/2021 1:22,7F0',END,2284,2284,,,,,
119,E,July 25 M2U00512,7/6/2021 1:22,D8A',END,2284,2284,,,,,
120,E,July 25 M2U00512,7/6/2021 1:22,E77',END,2284,2284,,,,,
121,F,July 26 M2U00520,7/12/2021 17:00,90F',Still,254,254,,,,,
122,F,July 26 M2U00520,7/12/2021 17:00,B9A',Still,254,254,,,,,
123,F,July 26 M2U00520,7/12/2021 17:00,C4B',Still,254,254,,,,,
124,F,July 26 M2U00520,7/12/2021 17:00,516',Still,254,254,,,,,
125,F,July 26 M2U00520,7/12/2021 17:00,3E4',Still,254,254,,,,,
126,F,July 26 M2U00520,7/12/2021 17:00,7F0',Still,254,254,,,,,
127,F,July 26 M2U00520,7/12/2021 17:00,D8A',Still,254,254,,,,,
128,F,July 26 M2U00520,7/12/2021 17:00,E77',Still,254,254,,,,,
129,F,July 26 M2U00520,7/12/2021 17:00,C4B',Self-grooming,304.408,304.408,,,,,
130,F,July 26 M2U00520,7/12/2021 17:00,7F0',Self-grooming,308.61,308.61,,,,,
131,F,July 26 M2U00520,7/12/2021 17:00,90F',END,374,374,,,,,
132,F,July 26 M2U00520,7/12/2021 17:00,B9A',END,374,374,,,,,
133,F,July 26 M2U00520,7/12/2021 17:00,C4B',END,374,374,,,,,
134,F,July 26 M2U00520,7/12/2021 17:00,516',END,374,374,,,,,
135,F,July 26 M2U00520,7/12/2021 17:00,3E4',END,374,374,,,,,
136,F,July 26 M2U00520,7/12/2021 17:00,7F0',END,374,374,,,,,
137,F,July 26 M2U00520,7/12/2021 17:00,D8A',END,374,374,,,,,
138,F,July 26 M2U00520,7/12/2021 17:00,E77',END,374,374,,,,,
139,G,July 26 M2U00520,7/12/2021 17:00,90F',Still,2174,2174,,,,,
140,G,July 26 M2U00520,7/12/2021 17:00,B9A',Still,2174,2174,,,,,
141,G,July 26 M2U00520,7/12/2021 17:00,C4B',Still,2174,2174,,,,,
142,G,July 26 M2U00520,7/12/2021 17:00,516',Still,2174,2174,,,,,
143,G,July 26 M2U00520,7/12/2021 17:00,3E4',Still,2174,2174,,,,,
144,G,July 26 M2U00520,7/12/2021 17:00,7F0',Wing stretch,2174,2174,,,,,
145,G,July 26 M2U00520,7/12/2021 17:00,D8A',Still,2174,2174,,,,,
146,G,July 26 M2U00520,7/12/2021 17:00,E77',Still,2174,2174,,,,,
147,G,July 26 M2U00520,7/12/2021 17:00,7F0',Head lift,2179.079,2179.079,,,,,
148,G,July 26 M2U00520,7/12/2021 17:00,7F0',Leave cluster,2187.689,2187.689,,,,,
149,G,July 26 M2U00520,7/12/2021 17:00,C4B',Self-grooming,2199.899,2199.899,,,,,
150,G,July 26 M2U00520,7/12/2021 17:00,7F0',Active - Walking,2199.899,2199.899,,,,,
151,G,July 26 M2U00520,7/12/2021 17:00,7F0',ACU - Head first,2208.809,2208.809,,,,,
152,G,July 26 M2U00520,7/12/2021 17:00,D8A',Block ACU,2210.211,2210.211,,,,,
153,G,July 26 M2U00520,7/12/2021 17:00,7F0',Crawl over,2214.013,2214.013,,,,,
154,G,July 26 M2U00520,7/12/2021 17:00,7F0',Join cluster 1,2214.013,2214.013,,,,,
155,G,July 26 M2U00520,7/12/2021 17:00,D8A',Allow crawl over,2214.013,2214.013,,,,,
156,G,July 26 M2U00520,7/12/2021 17:00,7F0',Self-grooming,2232.332,2232.332,,,,,
157,G,July 26 M2U00520,7/12/2021 17:00,90F',END,2294,2294,,,,,
158,G,July 26 M2U00520,7/12/2021 17:00,B9A',END,2294,2294,,,,,
159,G,July 26 M2U00520,7/12/2021 17:00,C4B',END,2294,2294,,,,,
160,G,July 26 M2U00520,7/12/2021 17:00,516',END,2294,2294,,,,,
161,G,July 26 M2U00520,7/12/2021 17:00,3E4',END,2294,2294,,,,,
162,G,July 26 M2U00520,7/12/2021 17:00,7F0',END,2294,2294,,,,,
163,G,July 26 M2U00520,7/12/2021 17:00,D8A',END,2294,2294,,,,,
164,G,July 26 M2U00520,7/12/2021 17:00,E77',END,2294,2294,,,,,
165,H,July 26 M2U00520,7/12/2021 17:00,90F',Still,4094,4094,,,,,
166,H,July 26 M2U00520,7/12/2021 17:00,B9A',Still,4094,4094,,,,,
167,H,July 26 M2U00520,7/12/2021 17:00,C4B',Still,4094,4094,,,,,
168,H,July 26 M2U00520,7/12/2021 17:00,516',Still,4094,4094,,,,,
169,H,July 26 M2U00520,7/12/2021 17:00,3E4',Still,4094,4094,,,,,
170,H,July 26 M2U00520,7/12/2021 17:00,7F0',Still,4094,4094,,,,,
171,H,July 26 M2U00520,7/12/2021 17:00,D8A',Still,4094,4094,,,,,
172,H,July 26 M2U00520,7/12/2021 17:00,E77',Still,4094,4094,,,,,
173,H,July 26 M2U00520,7/12/2021 17:00,7F0',Join cluster 1,4098.896,4098.896,,,,,
174,H,July 26 M2U00520,7/12/2021 17:00,C4B',Wing stretch,4105.703,4105.703,,,,,
175,H,July 26 M2U00520,7/12/2021 17:00,B9A',Self-grooming,4109.707,4109.707,,,,,
176,H,July 26 M2U00520,7/12/2021 17:00,D8A',Self-grooming,4140.338,4140.338,,,,,
177,H,July 26 M2U00520,7/12/2021 17:00,B9A',Leave cluster,4165.363,4165.363,,,,,
178,H,July 26 M2U00520,7/12/2021 17:00,B9A',Active - Flying,4181.98,4181.98,,,,,
179,H,July 26 M2U00520,7/12/2021 17:00,C4B',Leave cluster,4181.98,4181.98,,,,,
180,H,July 26 M2U00520,7/12/2021 17:00,C4B',ACU - Head first,4197.795,4197.795,,,,,
181,H,July 26 M2U00520,7/12/2021 17:00,D8A',Allow ACU,4197.795,4197.795,,,,,
182,H,July 26 M2U00520,7/12/2021 17:00,B9A',Active - Walking,4212.511,4212.511,,,,,
183,H,July 26 M2U00520,7/12/2021 17:00,C4B',Active - Walking,4212.81,4212.81,,,,,
184,H,July 26 M2U00520,7/12/2021 17:00,90F',END,4214,4214,,,,,
185,H,July 26 M2U00520,7/12/2021 17:00,B9A',END,4214,4214,,,,,
186,H,July 26 M2U00520,7/12/2021 17:00,C4B',END,4214,4214,,,,,
187,H,July 26 M2U00520,7/12/2021 17:00,516',END,4214,4214,,,,,
188,H,July 26 M2U00520,7/12/2021 17:00,3E4',END,4214,4214,,,,,
189,H,July 26 M2U00520,7/12/2021 17:00,7F0',END,4214,4214,,,,,
190,H,July 26 M2U00520,7/12/2021 17:00,D8A',END,4214,4214,,,,,
191,H,July 26 M2U00520,7/12/2021 17:00,E77',END,4214,4214,,,,,
192,I,July 26 M2U00645,7/12/2021 18:08,90F',Still,521,521,,,,,
193,I,July 26 M2U00645,7/12/2021 18:08,B9A',Still,521,521,,,,,
194,I,July 26 M2U00645,7/12/2021 18:08,C4B',Still,521,521,,,,,
195,I,July 26 M2U00645,7/12/2021 18:08,516',Still,521,521,,,,,
196,I,July 26 M2U00645,7/12/2021 18:08,3E4',Still,521,521,,,,,
197,I,July 26 M2U00645,7/12/2021 18:08,7F0',Still,521,521,,,,,
198,I,July 26 M2U00645,7/12/2021 18:08,D8A',Still,521,521,,,,,
199,I,July 26 M2U00645,7/12/2021 18:08,E77',Still,521,521,,,,,
200,I,July 26 M2U00645,7/12/2021 18:08,B9A',Wing stretch,523.525,523.525,,,,,
201,I,July 26 M2U00645,7/12/2021 18:08,7F0',Self-grooming,525.426,525.426,,,,,
202,I,July 26 M2U00645,7/12/2021 18:08,7F0',Wing stretch,533.434,533.434,,,,,
203,I,July 26 M2U00645,7/12/2021 18:08,C4B',Self-grooming,549.15,549.15,,,,,
204,I,July 26 M2U00645,7/12/2021 18:08,7F0',Leave cluster,566.968,566.968,,,,,
205,I,July 26 M2U00645,7/12/2021 18:08,B9A',Leave cluster,573.175,573.175,,,,,
206,I,July 26 M2U00645,7/12/2021 18:08,516',Self-grooming,608.11,608.11,,,,,
207,I,July 26 M2U00645,7/12/2021 18:08,D8A',Self-grooming,609.11,609.11,,,,,
208,I,July 26 M2U00645,7/12/2021 18:08,7F0',Active - Flying,610.513,610.513,,,,,
209,I,July 26 M2U00645,7/12/2021 18:08,7F0',Active - Walking,620.721,620.721,,,,,
210,I,July 26 M2U00645,7/12/2021 18:08,7F0',Head lift,622.724,622.724,,,,,
211,I,July 26 M2U00645,7/12/2021 18:08,90F',END,641,641,,,,,
212,I,July 26 M2U00645,7/12/2021 18:08,B9A',END,641,641,,,,,
213,I,July 26 M2U00645,7/12/2021 18:08,C4B',END,641,641,,,,,
214,I,July 26 M2U00645,7/12/2021 18:08,516',END,641,641,,,,,
215,I,July 26 M2U00645,7/12/2021 18:08,3E4',END,641,641,,,,,
216,I,July 26 M2U00645,7/12/2021 18:08,7F0',END,641,641,,,,,
217,I,July 26 M2U00645,7/12/2021 18:08,D8A',END,641,641,,,,,
218,I,July 26 M2U00645,7/12/2021 18:08,E77',END,641,641,,,,,
219,J,July 26 M2U00645,7/12/2021 18:08,90F',Still,2441,2441,,,,,
220,J,July 26 M2U00645,7/12/2021 18:08,B9A',Still,2441,2441,,,,,
221,J,July 26 M2U00645,7/12/2021 18:08,C4B',Still,2441,2441,,,,,
222,J,July 26 M2U00645,7/12/2021 18:08,516',Still,2441,2441,,,,,
223,J,July 26 M2U00645,7/12/2021 18:08,3E4',Still,2441,2441,,,,,
224,J,July 26 M2U00645,7/12/2021 18:08,7F0',Still,2441,2441,,,,,
225,J,July 26 M2U00645,7/12/2021 18:08,D8A',Still,2441,2441,,,,,
226,J,July 26 M2U00645,7/12/2021 18:08,E77',Still,2441,2441,,,,,
227,J,July 26 M2U00645,7/12/2021 18:08,D8A',Self-grooming,2446.346,2446.346,,,,,
228,J,July 26 M2U00645,7/12/2021 18:08,516',Self-grooming,2448.648,2448.648,,,,,
229,J,July 26 M2U00645,7/12/2021 18:08,B9A',Self-grooming,2452.253,2452.253,,,,,
230,J,July 26 M2U00645,7/12/2021 18:08,D8A',Wing stretch,2452.852,2452.852,,,,,
231,J,July 26 M2U00645,7/12/2021 18:08,90F',Self-grooming,2458.558,2458.558,,,,,
232,J,July 26 M2U00645,7/12/2021 18:08,B9A',ACU - Head first,2463.564,2463.564,,,,,
233,J,July 26 M2U00645,7/12/2021 18:08,7F0',Allow ACU,2468.968,2468.968,,,,,
234,J,July 26 M2U00645,7/12/2021 18:08,90F',END,2561,2561,,,,,
235,J,July 26 M2U00645,7/12/2021 18:08,B9A',END,2561,2561,,,,,
236,J,July 26 M2U00645,7/12/2021 18:08,C4B',END,2561,2561,,,,,
237,J,July 26 M2U00645,7/12/2021 18:08,516',END,2561,2561,,,,,
238,J,July 26 M2U00645,7/12/2021 18:08,3E4',END,2561,2561,,,,,
239,J,July 26 M2U00645,7/12/2021 18:08,7F0',END,2561,2561,,,,,
240,J,July 26 M2U00645,7/12/2021 18:08,D8A',END,2561,2561,,,,,
241,J,July 26 M2U00645,7/12/2021 18:08,E77',END,2561,2561,,,,,
242,K,July 28 M2U00653,7/12/2021 22:22,90F',Still,293,293,,,,,
243,K,July 28 M2U00653,7/12/2021 22:22,B9A',Still,293,293,,,,,
244,K,July 28 M2U00653,7/12/2021 22:22,C4B',Still,293,293,,,,,
245,K,July 28 M2U00653,7/12/2021 22:22,516',Still,293,293,,,,,
246,K,July 28 M2U00653,7/12/2021 22:22,3E4',Still,293,293,,,,,
247,K,July 28 M2U00653,7/12/2021 22:22,7F0',Still,293,293,,,,,
248,K,July 28 M2U00653,7/12/2021 22:22,D8A',Still,293,293,,,,,
249,K,July 28 M2U00653,7/12/2021 22:22,E77',Still,293,293,,,,,
250,K,July 28 M2U00653,7/12/2021 22:22,90F',ACU - Tail first,309.116,309.116,,,,,
251,K,July 28 M2U00653,7/12/2021 22:22,B9A',Allow ACU,309.116,309.116,,,,,
252,K,July 28 M2U00653,7/12/2021 22:22,E77',Leave cluster,340.744,340.744,,,,,
253,K,July 28 M2U00653,7/12/2021 22:22,E77',Head lift,368.471,368.471,,,,,
254,K,July 28 M2U00653,7/12/2021 22:22,C4B',Self-grooming,376.18,376.18,,,,,
255,K,July 28 M2U00653,7/12/2021 22:22,90F',Head lift,391.795,391.795,,,,,
256,K,July 28 M2U00653,7/12/2021 22:22,90F',END,413,413,,,,,
257,K,July 28 M2U00653,7/12/2021 22:22,B9A',END,413,413,,,,,
258,K,July 28 M2U00653,7/12/2021 22:22,C4B',END,413,413,,,,,
259,K,July 28 M2U00653,7/12/2021 22:22,516',END,413,413,,,,,
260,K,July 28 M2U00653,7/12/2021 22:22,3E4',END,413,413,,,,,
261,K,July 28 M2U00653,7/12/2021 22:22,7F0',END,413,413,,,,,
262,K,July 28 M2U00653,7/12/2021 22:22,D8A',END,413,413,,,,,
263,K,July 28 M2U00653,7/12/2021 22:22,E77',END,413,413,,,,,
264,L,July 28 M2U00653,7/12/2021 22:22,90F',Still,2213,2213,,,,,
265,L,July 28 M2U00653,7/12/2021 22:22,B9A',Still,2213,2213,,,,,
266,L,July 28 M2U00653,7/12/2021 22:22,C4B',Still,2213,2213,,,,,
267,L,July 28 M2U00653,7/12/2021 22:22,516',Still,2213,2213,,,,,
268,L,July 28 M2U00653,7/12/2021 22:22,3E4',Still,2213,2213,,,,,
269,L,July 28 M2U00653,7/12/2021 22:22,7F0',Still,2213,2213,,,,,
270,L,July 28 M2U00653,7/12/2021 22:22,D8A',Still,2213,2213,,,,,
271,L,July 28 M2U00653,7/12/2021 22:22,E77',Still,2213,2213,,,,,
272,L,July 28 M2U00653,7/12/2021 22:22,90F',Self-grooming,2215.715,2215.715,,,,,
273,L,July 28 M2U00653,7/12/2021 22:22,E77',Wing stretch,2215.715,2215.715,,,,,
274,L,July 28 M2U00653,7/12/2021 22:22,516',Active - Walking,2224.624,2224.624,,,,,
275,L,July 28 M2U00653,7/12/2021 22:22,516',Leave cluster,2224.624,2224.624,,,,,
276,L,July 28 M2U00653,7/12/2021 22:22,516',Wing stretch,2225.725,2225.725,,,,,
277,L,July 28 M2U00653,7/12/2021 22:22,D8A',Active - Walking,2229.529,2229.529,,,,,
278,L,July 28 M2U00653,7/12/2021 22:22,B9A',Self-grooming,2231.331,2231.331,,,,,
279,L,July 28 M2U00653,7/12/2021 22:22,D8A',Join cluster 1,2235.034,2235.034,,,,,
280,L,July 28 M2U00653,7/12/2021 22:22,D8A',Crawl over,2244.745,2244.745,,,,,
281,L,July 28 M2U00653,7/12/2021 22:22,E77',Allow crawl over,2244.745,2244.745,,,,,
282,L,July 28 M2U00653,7/12/2021 22:22,7F0',Self-grooming,2250.851,2250.851,,,,,
283,L,July 28 M2U00653,7/12/2021 22:22,E77',Head lift,2250.851,2250.851,,,,,
284,L,July 28 M2U00653,7/12/2021 22:22,E77',Wing stretch,2251.852,2251.852,,,,,
285,L,July 28 M2U00653,7/12/2021 22:22,D8A',Allow ACU,2254.854,2254.854,,,,,
286,L,July 28 M2U00653,7/12/2021 22:22,E77',ACU - Side,2254.854,2254.854,,,,,
287,L,July 28 M2U00653,7/12/2021 22:22,90F',Wing stretch,2257.558,2257.558,,,,,
288,L,July 28 M2U00653,7/12/2021 22:22,516',Active - Walking,2260.059,2260.059,,,,,
289,L,July 28 M2U00653,7/12/2021 22:22,D8A',Leave cluster,2260.059,2260.059,,,,,
290,L,July 28 M2U00653,7/12/2021 22:22,D8A',Active - Walking,2260.56,2260.56,,,,,
291,L,July 28 M2U00653,7/12/2021 22:22,90F',Self-grooming,2263.564,2263.564,,,,,
292,L,July 28 M2U00653,7/12/2021 22:22,E77',Self-grooming,2263.564,2263.564,,,,,
293,L,July 28 M2U00653,7/12/2021 22:22,90F',Wing stretch,2270.171,2270.171,,,,,
294,L,July 28 M2U00653,7/12/2021 22:22,90F',END,2333,2333,,,,,
295,L,July 28 M2U00653,7/12/2021 22:22,B9A',END,2333,2333,,,,,
296,L,July 28 M2U00653,7/12/2021 22:22,C4B',END,2333,2333,,,,,
297,L,July 28 M2U00653,7/12/2021 22:22,516',END,2333,2333,,,,,
298,L,July 28 M2U00653,7/12/2021 22:22,3E4',END,2333,2333,,,,,
299,L,July 28 M2U00653,7/12/2021 22:22,7F0',END,2333,2333,,,,,
300,L,July 28 M2U00653,7/12/2021 22:22,D8A',END,2333,2333,,,,,
301,L,July 28 M2U00653,7/12/2021 22:22,E77',END,2333,2333,,,,,
302,M,July 28 M2U00653,7/12/2021 22:22,90F',Still,4013,4013,,,,,
303,M,July 28 M2U00653,7/12/2021 22:22,B9A',Still,4013,4013,,,,,
304,M,July 28 M2U00653,7/12/2021 22:22,C4B',Still,4013,4013,,,,,
305,M,July 28 M2U00653,7/12/2021 22:22,516',Still,4013,4013,,,,,
306,M,July 28 M2U00653,7/12/2021 22:22,3E4',Still,4013,4013,,,,,
307,M,July 28 M2U00653,7/12/2021 22:22,7F0',Still,4013,4013,,,,,
308,M,July 28 M2U00653,7/12/2021 22:22,D8A',Still,4013,4013,,,,,
309,M,July 28 M2U00653,7/12/2021 22:22,E77',Still,4013,4013,,,,,
310,M,July 28 M2U00653,7/12/2021 22:22,C4B',Self-grooming,4024.823,4024.823,,,,,
311,M,July 28 M2U00653,7/12/2021 22:22,E77',Self-grooming,4039.838,4039.838,,,,,
312,M,July 28 M2U00653,7/12/2021 22:22,3E4',Active - Walking,4040.94,4040.94,,,,,
313,M,July 28 M2U00653,7/12/2021 22:22,3E4',Join cluster 1,4042.04,4042.04,,,,,
314,M,July 28 M2U00653,7/12/2021 22:22,3E4',ACU - Head first,4048.647,4048.647,,,,,
315,M,July 28 M2U00653,7/12/2021 22:22,7F0',Allow ACU,4048.647,4048.647,,,,,
316,M,July 28 M2U00653,7/12/2021 22:22,E77',Join cluster 1,4069.167,4069.167,,,,,
317,M,July 28 M2U00653,7/12/2021 22:22,C4B',Block ACU,4081.48,4081.48,,,,,
318,M,July 28 M2U00653,7/12/2021 22:22,E77',ACU - Head first,4081.48,4081.48,,,,,
319,M,July 28 M2U00653,7/12/2021 22:22,90F',END,4133,4133,,,,,
320,M,July 28 M2U00653,7/12/2021 22:22,B9A',END,4133,4133,,,,,
321,M,July 28 M2U00653,7/12/2021 22:22,C4B',END,4133,4133,,,,,
322,M,July 28 M2U00653,7/12/2021 22:22,516',END,4133,4133,,,,,
323,M,July 28 M2U00653,7/12/2021 22:22,3E4',END,4133,4133,,,,,
324,M,July 28 M2U00653,7/12/2021 22:22,7F0',END,4133,4133,,,,,
325,M,July 28 M2U00653,7/12/2021 22:22,D8A',END,4133,4133,,,,,
326,M,July 28 M2U00653,7/12/2021 22:22,E77',END,4133,4133,,,,,
327,N,July 28 M2U00654,7/15/2021 14:09,90F',Still,133,133,,,,,
328,N,July 28 M2U00654,7/15/2021 14:09,B9A',Still,133,133,,,,,
329,N,July 28 M2U00654,7/15/2021 14:09,C4B',Still,133,133,,,,,
330,N,July 28 M2U00654,7/15/2021 14:09,516',Still,133,133,,,,,
331,N,July 28 M2U00654,7/15/2021 14:09,3E4',Still,133,133,,,,,
332,N,July 28 M2U00654,7/15/2021 14:09,7F0',Still,133,133,,,,,
333,N,July 28 M2U00654,7/15/2021 14:09,D8A',Still,133,133,,,,,
334,N,July 28 M2U00654,7/15/2021 14:09,E77',Still,133,133,,,,,
335,N,July 28 M2U00654,7/15/2021 14:09,C4B',Active - Walking,147.322,147.322,,,,,
336,N,July 28 M2U00654,7/15/2021 14:09,C4B',Join cluster 1,172.748,172.748,,,,,
337,N,July 28 M2U00654,7/15/2021 14:09,C4B',ACU - Head first,174.15,174.15,,,,,
338,N,July 28 M2U00654,7/15/2021 14:09,E77',Allow ACU,204.08,204.08,,,,,
339,N,July 28 M2U00654,7/15/2021 14:09,E77',Head lift,250.727,250.727,,,,,
340,N,July 28 M2U00654,7/15/2021 14:09,90F',END,253,253,,,,,
341,N,July 28 M2U00654,7/15/2021 14:09,B9A',END,253,253,,,,,
342,N,July 28 M2U00654,7/15/2021 14:09,C4B',END,253,253,,,,,
343,N,July 28 M2U00654,7/15/2021 14:09,516',END,253,253,,,,,
344,N,July 28 M2U00654,7/15/2021 14:09,3E4',END,253,253,,,,,
345,N,July 28 M2U00654,7/15/2021 14:09,7F0',END,253,253,,,,,
346,N,July 28 M2U00654,7/15/2021 14:09,D8A',END,253,253,,,,,
347,N,July 28 M2U00654,7/15/2021 14:09,E77',END,253,253,,,,,
348,O,July 28 M2U00654,7/15/2021 14:09,90F',Still,2053,2053,,,,,
349,O,July 28 M2U00654,7/15/2021 14:09,B9A',Still,2053,2053,,,,,
350,O,July 28 M2U00654,7/15/2021 14:09,C4B',Still,2053,2053,,,,,
351,O,July 28 M2U00654,7/15/2021 14:09,516',Still,2053,2053,,,,,
352,O,July 28 M2U00654,7/15/2021 14:09,3E4',Still,2053,2053,,,,,
353,O,July 28 M2U00654,7/15/2021 14:09,7F0',Still,2053,2053,,,,,
354,O,July 28 M2U00654,7/15/2021 14:09,D8A',Still,2053,2053,,,,,
355,O,July 28 M2U00654,7/15/2021 14:09,E77',Still,2053,2053,,,,,
356,O,July 28 M2U00654,7/15/2021 14:09,90F',END,2173,2173,,,,,
357,O,July 28 M2U00654,7/15/2021 14:09,B9A',END,2173,2173,,,,,
358,O,July 28 M2U00654,7/15/2021 14:09,C4B',END,2173,2173,,,,,
359,O,July 28 M2U00654,7/15/2021 14:09,516',END,2173,2173,,,,,
360,O,July 28 M2U00654,7/15/2021 14:09,3E4',END,2173,2173,,,,,
361,O,July 28 M2U00654,7/15/2021 14:09,7F0',END,2173,2173,,,,,
362,O,July 28 M2U00654,7/15/2021 14:09,D8A',END,2173,2173,,,,,
363,O,July 28 M2U00654,7/15/2021 14:09,E77',END,2173,2173,,,,,
364,P,July 29 M2U00664,7/15/2021 14:18,90F',Still,271,271,,,,,
365,P,July 29 M2U00664,7/15/2021 14:18,B9A',Still,271,271,,,,,
366,P,July 29 M2U00664,7/15/2021 14:18,C4B',Still,271,271,,,,,
367,P,July 29 M2U00664,7/15/2021 14:18,516',Still,271,271,,,,,
368,P,July 29 M2U00664,7/15/2021 14:18,3E4',Still,271,271,,,,,
369,P,July 29 M2U00664,7/15/2021 14:18,7F0',Still,271,271,,,,,
370,P,July 29 M2U00664,7/15/2021 14:18,D8A',Still,271,271,,,,,
371,P,July 29 M2U00664,7/15/2021 14:18,E77',Still,271,271,,,,,
372,P,July 29 M2U00664,7/15/2021 14:18,E77',Active - Walking,309.812,309.812,,,,,
373,P,July 29 M2U00664,7/15/2021 14:18,E77',Self-grooming,321.423,321.423,,,,,
374,P,July 29 M2U00664,7/15/2021 14:18,90F',END,391,391,,,,,
375,P,July 29 M2U00664,7/15/2021 14:18,B9A',END,391,391,,,,,
376,P,July 29 M2U00664,7/15/2021 14:18,C4B',END,391,391,,,,,
377,P,July 29 M2U00664,7/15/2021 14:18,516',END,391,391,,,,,
378,P,July 29 M2U00664,7/15/2021 14:18,3E4',END,391,391,,,,,
379,P,July 29 M2U00664,7/15/2021 14:18,7F0',END,391,391,,,,,
380,P,July 29 M2U00664,7/15/2021 14:18,D8A',END,391,391,,,,,
381,P,July 29 M2U00664,7/15/2021 14:18,E77',END,391,391,,,,,
382,Q,July 29 M2U00664,7/15/2021 14:18,90F',Still,2191,2191,,,,,
383,Q,July 29 M2U00664,7/15/2021 14:18,B9A',Still,2191,2191,,,,,
384,Q,July 29 M2U00664,7/15/2021 14:18,C4B',Still,2191,2191,,,,,
385,Q,July 29 M2U00664,7/15/2021 14:18,516',Still,2191,2191,,,,,
386,Q,July 29 M2U00664,7/15/2021 14:18,3E4',Still,2191,2191,,,,,
387,Q,July 29 M2U00664,7/15/2021 14:18,7F0',Still,2191,2191,,,,,
388,Q,July 29 M2U00664,7/15/2021 14:18,D8A',Still,2191,2191,,,,,
389,Q,July 29 M2U00664,7/15/2021 14:18,E77',Still,2191,2191,,,,,
390,Q,July 29 M2U00664,7/15/2021 14:18,7F0',Self-grooming,2200.6,2200.6,,,,,
391,Q,July 29 M2U00664,7/15/2021 14:18,E77',Self-grooming,2268.168,2268.168,,,,,
392,Q,July 29 M2U00664,7/15/2021 14:18,516',Self-grooming,2269,2269,,,,,
393,Q,July 29 M2U00664,7/15/2021 14:18,7F0',Wing stretch,2289.189,2289.189,,,,,
394,Q,July 29 M2U00664,7/15/2021 14:18,E77',Join cluster 1,2305.906,2305.906,,,,,
395,Q,July 29 M2U00664,7/15/2021 14:18,90F',END,2311,2311,,,,,
396,Q,July 29 M2U00664,7/15/2021 14:18,B9A',END,2311,2311,,,,,
397,Q,July 29 M2U00664,7/15/2021 14:18,C4B',END,2311,2311,,,,,
398,Q,July 29 M2U00664,7/15/2021 14:18,516',END,2311,2311,,,,,
399,Q,July 29 M2U00664,7/15/2021 14:18,3E4',END,2311,2311,,,,,
400,Q,July 29 M2U00664,7/15/2021 14:18,7F0',END,2311,2311,,,,,
401,Q,July 29 M2U00664,7/15/2021 14:18,D8A',END,2311,2311,,,,,
402,Q,July 29 M2U00664,7/15/2021 14:18,E77',END,2311,2311,,,,,
403,R,July 29 M2U00664,7/15/2021 14:18,90F',Still,4111,4111,,,,,
404,R,July 29 M2U00664,7/15/2021 14:18,B9A',Still,4111,4111,,,,,
405,R,July 29 M2U00664,7/15/2021 14:18,C4B',Still,4111,4111,,,,,
406,R,July 29 M2U00664,7/15/2021 14:18,516',Still,4111,4111,,,,,
407,R,July 29 M2U00664,7/15/2021 14:18,3E4',Still,4111,4111,,,,,
408,R,July 29 M2U00664,7/15/2021 14:18,7F0',Still,4111,4111,,,,,
409,R,July 29 M2U00664,7/15/2021 14:18,D8A',Still,4111,4111,,,,,
410,R,July 29 M2U00664,7/15/2021 14:18,E77',Wing stretch,4112.01,4112.01,,,,,
411,R,July 29 M2U00664,7/15/2021 14:18,E77',Self-grooming,4120.017,4120.017,,,,,
412,R,July 29 M2U00664,7/15/2021 14:18,E77',Head lift,4159.261,4159.261,,,,,
413,R,July 29 M2U00664,7/15/2021 14:18,90F',END,4231,4231,,,,,
414,R,July 29 M2U00664,7/15/2021 14:18,B9A',END,4231,4231,,,,,
415,R,July 29 M2U00664,7/15/2021 14:18,C4B',END,4231,4231,,,,,
416,R,July 29 M2U00664,7/15/2021 14:18,516',END,4231,4231,,,,,
417,R,July 29 M2U00664,7/15/2021 14:18,3E4',END,4231,4231,,,,,
418,R,July 29 M2U00664,7/15/2021 14:18,7F0',END,4231,4231,,,,,
419,R,July 29 M2U00664,7/15/2021 14:18,D8A',END,4231,4231,,,,,
420,R,July 29 M2U00664,7/15/2021 14:18,E77',END,4231,4231,,,,,
421,S,July 29 M2U00665,7/15/2021 15:22,90F',Still,338,338,,,,,
422,S,July 29 M2U00665,7/15/2021 15:22,B9A',Still,338,338,,,,,
423,S,July 29 M2U00665,7/15/2021 15:22,C4B',Still,338,338,,,,,
424,S,July 29 M2U00665,7/15/2021 15:22,516',Still,338,338,,,,,
425,S,July 29 M2U00665,7/15/2021 15:22,3E4',Still,338,338,,,,,
426,S,July 29 M2U00665,7/15/2021 15:22,7F0',Still,338,338,,,,,
427,S,July 29 M2U00665,7/15/2021 15:22,D8A',Still,338,338,,,,,
428,S,July 29 M2U00665,7/15/2021 15:22,E77',Still,338,338,,,,,
429,S,July 29 M2U00665,7/15/2021 15:22,90F',END,458,458,,,,,
430,S,July 29 M2U00665,7/15/2021 15:22,B9A',END,458,458,,,,,
431,S,July 29 M2U00665,7/15/2021 15:22,C4B',END,458,458,,,,,
432,S,July 29 M2U00665,7/15/2021 15:22,516',END,458,458,,,,,
433,S,July 29 M2U00665,7/15/2021 15:22,3E4',END,458,458,,,,,
434,S,July 29 M2U00665,7/15/2021 15:22,7F0',END,458,458,,,,,
435,S,July 29 M2U00665,7/15/2021 15:22,D8A',END,458,458,,,,,
436,S,July 29 M2U00665,7/15/2021 15:22,E77',END,458,458,,,,,
437,T,July 29 M2U00665,7/15/2021 15:22,90F',Still,2258,2258,,,,,
438,T,July 29 M2U00665,7/15/2021 15:22,B9A',Still,2258,2258,,,,,
439,T,July 29 M2U00665,7/15/2021 15:22,C4B',Still,2258,2258,,,,,
440,T,July 29 M2U00665,7/15/2021 15:22,516',Still,2258,2258,,,,,
441,T,July 29 M2U00665,7/15/2021 15:22,3E4',Still,2258,2258,,,,,
442,T,July 29 M2U00665,7/15/2021 15:22,7F0',Still,2258,2258,,,,,
443,T,July 29 M2U00665,7/15/2021 15:22,D8A',Still,2258,2258,,,,,
444,T,July 29 M2U00665,7/15/2021 15:22,E77',Still,2258,2258,,,,,
445,T,July 29 M2U00665,7/15/2021 15:22,90F',END,2378,2378,,,,,
446,T,July 29 M2U00665,7/15/2021 15:22,B9A',END,2378,2378,,,,,
447,T,July 29 M2U00665,7/15/2021 15:22,C4B',END,2378,2378,,,,,
448,T,July 29 M2U00665,7/15/2021 15:22,516',END,2378,2378,,,,,
449,T,July 29 M2U00665,7/15/2021 15:22,3E4',END,2378,2378,,,,,
450,T,July 29 M2U00665,7/15/2021 15:22,7F0',END,2378,2378,,,,,
451,T,July 29 M2U00665,7/15/2021 15:22,D8A',END,2378,2378,,,,,
452,T,July 29 M2U00665,7/15/2021 15:22,E77',END,2378,2378,,,,,
453,U,July 30 M2U00725,7/15/2021 15:32,90F',Still,283,283,,,,,
454,U,July 30 M2U00725,7/15/2021 15:32,B9A',Still,283,283,,,,,
455,U,July 30 M2U00725,7/15/2021 15:32,C4B',Still,283,283,,,,,
456,U,July 30 M2U00725,7/15/2021 15:32,516',Still,283,283,,,,,
457,U,July 30 M2U00725,7/15/2021 15:32,3E4',Still,283,283,,,,,
458,U,July 30 M2U00725,7/15/2021 15:32,7F0',Still,283,283,,,,,
459,U,July 30 M2U00725,7/15/2021 15:32,D8A',Still,283,283,,,,,
460,U,July 30 M2U00725,7/15/2021 15:32,E77',Still,283,283,,,,,
461,U,July 30 M2U00725,7/15/2021 15:32,90F',END,403,403,,,,,
462,U,July 30 M2U00725,7/15/2021 15:32,B9A',END,403,403,,,,,
463,U,July 30 M2U00725,7/15/2021 15:32,C4B',END,403,403,,,,,
464,U,July 30 M2U00725,7/15/2021 15:32,516',END,403,403,,,,,
465,U,July 30 M2U00725,7/15/2021 15:32,3E4',END,403,403,,,,,
466,U,July 30 M2U00725,7/15/2021 15:32,7F0',END,403,403,,,,,
467,U,July 30 M2U00725,7/15/2021 15:32,D8A',END,403,403,,,,,
468,U,July 30 M2U00725,7/15/2021 15:32,E77',END,403,403,,,,,
469,V,July 30 M2U00725,7/15/2021 15:32,90F',Still,2203,2203,,,,,
470,V,July 30 M2U00725,7/15/2021 15:32,B9A',Still,2203,2203,,,,,
471,V,July 30 M2U00725,7/15/2021 15:32,C4B',Still,2203,2203,,,,,
472,V,July 30 M2U00725,7/15/2021 15:32,516',Still,2203,2203,,,,,
473,V,July 30 M2U00725,7/15/2021 15:32,3E4',Still,2203,2203,,,,,
474,V,July 30 M2U00725,7/15/2021 15:32,7F0',Still,2203,2203,,,,,
475,V,July 30 M2U00725,7/15/2021 15:32,D8A',Still,2203,2203,,,,,
476,V,July 30 M2U00725,7/15/2021 15:32,E77',Still,2203,2203,,,,,
477,V,July 30 M2U00725,7/15/2021 15:32,7F0',Self-grooming,2203.104,2203.104,,,,,
478,V,July 30 M2U00725,7/15/2021 15:32,3E4',Head lift,2209.108,2209.108,,,,,
479,V,July 30 M2U00725,7/15/2021 15:32,7F0',Wing stretch,2242.342,2242.342,,,,,
480,V,July 30 M2U00725,7/15/2021 15:32,3E4',Self-grooming,2250.15,2250.15,,,,,
481,V,July 30 M2U00725,7/15/2021 15:32,D8A',Self-grooming,2277.178,2277.178,,,,,
482,V,July 30 M2U00725,7/15/2021 15:32,7F0',Wing stretch,2292.892,2292.892,,,,,
483,V,July 30 M2U00725,7/15/2021 15:32,3E4',Head lift,2306.006,2306.006,,,,,
484,V,July 30 M2U00725,7/15/2021 15:32,90F',END,2323,2323,,,,,
485,V,July 30 M2U00725,7/15/2021 15:32,B9A',END,2323,2323,,,,,
486,V,July 30 M2U00725,7/15/2021 15:32,C4B',END,2323,2323,,,,,
487,V,July 30 M2U00725,7/15/2021 15:32,516',END,2323,2323,,,,,
488,V,July 30 M2U00725,7/15/2021 15:32,3E4',END,2323,2323,,,,,
489,V,July 30 M2U00725,7/15/2021 15:32,7F0',END,2323,2323,,,,,
490,V,July 30 M2U00725,7/15/2021 15:32,D8A',END,2323,2323,,,,,
491,V,July 30 M2U00725,7/15/2021 15:32,E77',END,2323,2323,,,,,
492,W,July 30 M2U00725,7/15/2021 15:32,90F',Still,4123,4123,,,,,
493,W,July 30 M2U00725,7/15/2021 15:32,B9A',Still,4123,4123,,,,,
494,W,July 30 M2U00725,7/15/2021 15:32,C4B',Still,4123,4123,,,,,
495,W,July 30 M2U00725,7/15/2021 15:32,516',Still,4123,4123,,,,,
496,W,July 30 M2U00725,7/15/2021 15:32,3E4',Still,4123,4123,,,,,
497,W,July 30 M2U00725,7/15/2021 15:32,7F0',Still,4123,4123,,,,,
498,W,July 30 M2U00725,7/15/2021 15:32,D8A',Still,4123,4123,,,,,
499,W,July 30 M2U00725,7/15/2021 15:32,E77',Still,4123,4123,,,,,
500,W,July 30 M2U00725,7/15/2021 15:32,3E4',Self-grooming,4125.123,4125.123,,,,,
501,W,July 30 M2U00725,7/15/2021 15:32,E77',Active - Walking,4128.727,4128.727,,,,,
502,W,July 30 M2U00725,7/15/2021 15:32,E77',Join cluster 1,4131.229,4131.229,,,,,
503,W,July 30 M2U00725,7/15/2021 15:32,7F0',Allow ACU,4136.734,4136.734,,,,,
504,W,July 30 M2U00725,7/15/2021 15:32,E77',ACU - Head first,4136.734,4136.734,,,,,
505,W,July 30 M2U00725,7/15/2021 15:32,E77',Self-grooming,4183.281,4183.281,,,,,
506,W,July 30 M2U00725,7/15/2021 15:32,C4B',Active - Walking,4195.094,4195.094,,,,,
507,W,July 30 M2U00725,7/15/2021 15:32,C4B',Join cluster 1,4201.599,4201.599,,,,,
508,W,July 30 M2U00725,7/15/2021 15:32,C4B',ACU - Head first,4203.903,4203.903,,,,,
509,W,July 30 M2U00725,7/15/2021 15:32,E77',Allow ACU,4203.903,4203.903,,,,,
510,W,July 30 M2U00725,7/15/2021 15:32,7F0',Leave cluster,4212.21,4212.21,,,,,
511,W,July 30 M2U00725,7/15/2021 15:32,516',Wing stretch,4227.925,4227.925,,,,,
512,W,July 30 M2U00725,7/15/2021 15:32,7F0',Active - Walking,4230.728,4230.728,,,,,
513,W,July 30 M2U00725,7/15/2021 15:32,516',Self-grooming,4238.237,4238.237,,,,,
514,W,July 30 M2U00725,7/15/2021 15:32,90F',END,4243,4243,,,,,
515,W,July 30 M2U00725,7/15/2021 15:32,B9A',END,4243,4243,,,,,
516,W,July 30 M2U00725,7/15/2021 15:32,C4B',END,4243,4243,,,,,
517,W,July 30 M2U00725,7/15/2021 15:32,516',END,4243,4243,,,,,
518,W,July 30 M2U00725,7/15/2021 15:32,3E4',END,4243,4243,,,,,
519,W,July 30 M2U00725,7/15/2021 15:32,7F0',END,4243,4243,,,,,
520,W,July 30 M2U00725,7/15/2021 15:32,D8A',END,4243,4243,,,,,
521,W,July 30 M2U00725,7/15/2021 15:32,E77',END,4243,4243,,,,,
522,X,July 30 M2U00726,7/15/2021 18:09,90F',Still,228,228,,,,,
523,X,July 30 M2U00726,7/15/2021 18:09,B9A',Still,228,228,,,,,
524,X,July 30 M2U00726,7/15/2021 18:09,C4B',Still,228,228,,,,,
525,X,July 30 M2U00726,7/15/2021 18:09,516',Still,228,228,,,,,
526,X,July 30 M2U00726,7/15/2021 18:09,3E4',Still,228,228,,,,,
527,X,July 30 M2U00726,7/15/2021 18:09,7F0',Still,228,228,,,,,
528,X,July 30 M2U00726,7/15/2021 18:09,D8A',Still,228,228,,,,,
529,X,July 30 M2U00726,7/15/2021 18:09,E77',Still,228,228,,,,,
530,X,July 30 M2U00726,7/15/2021 18:09,516',Wing stretch,297.198,297.198,,,,,
531,X,July 30 M2U00726,7/15/2021 18:09,516',Self-grooming,314.716,314.716,,,,,
532,X,July 30 M2U00726,7/15/2021 18:09,516',Wing stretch,330.233,330.233,,,,,
533,X,July 30 M2U00726,7/15/2021 18:09,516',Self-grooming,337.44,337.44,,,,,
534,X,July 30 M2U00726,7/15/2021 18:09,90F',END,348,348,,,,,
535,X,July 30 M2U00726,7/15/2021 18:09,B9A',END,348,348,,,,,
536,X,July 30 M2U00726,7/15/2021 18:09,C4B',END,348,348,,,,,
537,X,July 30 M2U00726,7/15/2021 18:09,516',END,348,348,,,,,
538,X,July 30 M2U00726,7/15/2021 18:09,3E4',END,348,348,,,,,
539,X,July 30 M2U00726,7/15/2021 18:09,7F0',END,348,348,,,,,
540,X,July 30 M2U00726,7/15/2021 18:09,D8A',END,348,348,,,,,
541,X,July 30 M2U00726,7/15/2021 18:09,E77',END,348,348,,,,,
542,Y,July 30 M2U00726,7/15/2021 18:09,90F',Still,2148,2148,,,,,
543,Y,July 30 M2U00726,7/15/2021 18:09,B9A',Still,2148,2148,,,,,
544,Y,July 30 M2U00726,7/15/2021 18:09,C4B',Still,2148,2148,,,,,
545,Y,July 30 M2U00726,7/15/2021 18:09,516',Still,2148,2148,,,,,
546,Y,July 30 M2U00726,7/15/2021 18:09,3E4',Still,2148,2148,,,,,
547,Y,July 30 M2U00726,7/15/2021 18:09,7F0',Still,2148,2148,,,,,
548,Y,July 30 M2U00726,7/15/2021 18:09,D8A',Still,2148,2148,,,,,
549,Y,July 30 M2U00726,7/15/2021 18:09,E77',Still,2148,2148,,,,,
550,Y,July 30 M2U00726,7/15/2021 18:09,3E4',Wing stretch,2220.224,2220.224,,,,,
551,Y,July 30 M2U00726,7/15/2021 18:09,3E4',Self-grooming,2230.635,2230.635,,,,,
552,Y,July 30 M2U00726,7/15/2021 18:09,90F',END,2268,2268,,,,,
553,Y,July 30 M2U00726,7/15/2021 18:09,B9A',END,2268,2268,,,,,
554,Y,July 30 M2U00726,7/15/2021 18:09,C4B',END,2268,2268,,,,,
555,Y,July 30 M2U00726,7/15/2021 18:09,516',END,2268,2268,,,,,
556,Y,July 30 M2U00726,7/15/2021 18:09,3E4',END,2268,2268,,,,,
557,Y,July 30 M2U00726,7/15/2021 18:09,7F0',END,2268,2268,,,,,
558,Y,July 30 M2U00726,7/15/2021 18:09,D8A',END,2268,2268,,,,,
559,Y,July 30 M2U00726,7/15/2021 18:09,E77',END,2268,2268,,,,,
560,Z,July 31 M2U00734,7/15/2021 18:43,90F',Still,271,271,,,,,
561,Z,July 31 M2U00734,7/15/2021 18:43,B9A',Still,271,271,,,,,
562,Z,July 31 M2U00734,7/15/2021 18:43,C4B',Still,271,271,,,,,
563,Z,July 31 M2U00734,7/15/2021 18:43,516',Still,271,271,,,,,
564,Z,July 31 M2U00734,7/15/2021 18:43,3E4',Still,271,271,,,,,
565,Z,July 31 M2U00734,7/15/2021 18:43,7F0',Still,271,271,,,,,
566,Z,July 31 M2U00734,7/15/2021 18:43,D8A',Still,271,271,,,,,
567,Z,July 31 M2U00734,7/15/2021 18:43,E77',Head lift,272.174,272.174,,,,,
568,Z,July 31 M2U00734,7/15/2021 18:43,90F',END,391,391,,,,,
569,Z,July 31 M2U00734,7/15/2021 18:43,B9A',END,391,391,,,,,
570,Z,July 31 M2U00734,7/15/2021 18:43,C4B',END,391,391,,,,,
571,Z,July 31 M2U00734,7/15/2021 18:43,516',END,391,391,,,,,
572,Z,July 31 M2U00734,7/15/2021 18:43,3E4',END,391,391,,,,,
573,Z,July 31 M2U00734,7/15/2021 18:43,7F0',END,391,391,,,,,
574,Z,July 31 M2U00734,7/15/2021 18:43,D8A',END,391,391,,,,,
575,Z,July 31 M2U00734,7/15/2021 18:43,E77',END,391,391,,,,,
576,AA,July 31 M2U00734,7/15/2021 18:43,90F',Still,2191,2191,,,,,
577,AA,July 31 M2U00734,7/15/2021 18:43,B9A',Still,2191,2191,,,,,
578,AA,July 31 M2U00734,7/15/2021 18:43,C4B',Still,2191,2191,,,,,
579,AA,July 31 M2U00734,7/15/2021 18:43,516',Still,2191,2191,,,,,
580,AA,July 31 M2U00734,7/15/2021 18:43,3E4',Still,2191,2191,,,,,
581,AA,July 31 M2U00734,7/15/2021 18:43,7F0',Still,2191,2191,,,,,
582,AA,July 31 M2U00734,7/15/2021 18:43,D8A',Still,2191,2191,,,,,
583,AA,July 31 M2U00734,7/15/2021 18:43,E77',Still,2191,2191,,,,,
584,AA,July 31 M2U00734,7/15/2021 18:43,E77',Self-grooming,2193.194,2193.194,,,,,
585,AA,July 31 M2U00734,7/15/2021 18:43,D8A',Wing stretch,2199.6,2199.6,,,,,
586,AA,July 31 M2U00734,7/15/2021 18:43,90F',END,2311,2311,,,,,
587,AA,July 31 M2U00734,7/15/2021 18:43,B9A',END,2311,2311,,,,,
588,AA,July 31 M2U00734,7/15/2021 18:43,C4B',END,2311,2311,,,,,
589,AA,July 31 M2U00734,7/15/2021 18:43,516',END,2311,2311,,,,,
590,AA,July 31 M2U00734,7/15/2021 18:43,3E4',END,2311,2311,,,,,
591,AA,July 31 M2U00734,7/15/2021 18:43,7F0',END,2311,2311,,,,,
592,AA,July 31 M2U00734,7/15/2021 18:43,D8A',END,2311,2311,,,,,
593,AA,July 31 M2U00734,7/15/2021 18:43,E77',END,2311,2311,,,,,
594,AB,July 31 M2U00734,7/15/2021 18:43,90F',Still,4111,4111,,,,,
595,AB,July 31 M2U00734,7/15/2021 18:43,B9A',Still,4111,4111,,,,,
596,AB,July 31 M2U00734,7/15/2021 18:43,C4B',Still,4111,4111,,,,,
597,AB,July 31 M2U00734,7/15/2021 18:43,516',Still,4111,4111,,,,,
598,AB,July 31 M2U00734,7/15/2021 18:43,3E4',Still,4111,4111,,,,,
599,AB,July 31 M2U00734,7/15/2021 18:43,7F0',Still,4111,4111,,,,,
600,AB,July 31 M2U00734,7/15/2021 18:43,D8A',Still,4111,4111,,,,,
601,AB,July 31 M2U00734,7/15/2021 18:43,E77',Still,4111,4111,,,,,
602,AB,July 31 M2U00734,7/15/2021 18:43,90F',Self-grooming,4112.313,4112.313,,,,,
603,AB,July 31 M2U00734,7/15/2021 18:43,3E4',Wing stretch,4177.576,4177.576,,,,,
604,AB,July 31 M2U00734,7/15/2021 18:43,3E4',Head lift,4224.924,4224.924,,,,,
605,AB,July 31 M2U00734,7/15/2021 18:43,3E4',Wing stretch,4230.229,4230.229,,,,,
606,AB,July 31 M2U00734,7/15/2021 18:43,90F',END,4231,4231,,,,,
607,AB,July 31 M2U00734,7/15/2021 18:43,B9A',END,4231,4231,,,,,
608,AB,July 31 M2U00734,7/15/2021 18:43,C4B',END,4231,4231,,,,,
609,AB,July 31 M2U00734,7/15/2021 18:43,516',END,4231,4231,,,,,
610,AB,July 31 M2U00734,7/15/2021 18:43,3E4',END,4231,4231,,,,,
611,AB,July 31 M2U00734,7/15/2021 18:43,7F0',END,4231,4231,,,,,
612,AB,July 31 M2U00734,7/15/2021 18:43,D8A',END,4231,4231,,,,,
613,AB,July 31 M2U00734,7/15/2021 18:43,E77',END,4231,4231,,,,,
614,AC,July 31 M2U00735,7/15/2021 19:06,90F',Still,1524,1524,,,,,
615,AC,July 31 M2U00735,7/15/2021 19:06,B9A',Still,1524,1524,,,,,
616,AC,July 31 M2U00735,7/15/2021 19:06,C4B',Still,1524,1524,,,,,
617,AC,July 31 M2U00735,7/15/2021 19:06,516',Still,1524,1524,,,,,
618,AC,July 31 M2U00735,7/15/2021 19:06,3E4',Still,1524,1524,,,,,
619,AC,July 31 M2U00735,7/15/2021 19:06,7F0',Still,1524,1524,,,,,
620,AC,July 31 M2U00735,7/15/2021 19:06,D8A',Still,1524,1524,,,,,
621,AC,July 31 M2U00735,7/15/2021 19:06,E77',Still,1524,1524,,,,,
622,AC,July 31 M2U00735,7/15/2021 19:06,3E4',Wing stretch,1637.527,1637.527,,,,,
623,AC,July 31 M2U00735,7/15/2021 19:06,3E4',Self-grooming,1641.833,1641.833,,,,,
624,AC,July 31 M2U00735,7/15/2021 19:06,90F',END,1644,1644,,,,,
625,AC,July 31 M2U00735,7/15/2021 19:06,B9A',END,1644,1644,,,,,
626,AC,July 31 M2U00735,7/15/2021 19:06,C4B',END,1644,1644,,,,,
627,AC,July 31 M2U00735,7/15/2021 19:06,516',END,1644,1644,,,,,
628,AC,July 31 M2U00735,7/15/2021 19:06,3E4',END,1644,1644,,,,,
629,AC,July 31 M2U00735,7/15/2021 19:06,7F0',END,1644,1644,,,,,
630,AC,July 31 M2U00735,7/15/2021 19:06,D8A',END,1644,1644,,,,,
631,AC,July 31 M2U00735,7/15/2021 19:06,E77',END,1644,1644,,,,,
632,AD,July 31 M2U00735,7/15/2021 19:06,B9A',Still,3324,3324,,,,,
633,AD,July 31 M2U00735,7/15/2021 19:06,C4B',Still,3324,3324,,,,,
634,AD,July 31 M2U00735,7/15/2021 19:06,516',Still,3324,3324,,,,,
635,AD,July 31 M2U00735,7/15/2021 19:06,3E4',Still,3324,3324,,,,,
636,AD,July 31 M2U00735,7/15/2021 19:06,7F0',Still,3324,3324,,,,,
637,AD,July 31 M2U00735,7/15/2021 19:06,E77',Still,3324,3324,,,,,
638,AD,July 31 M2U00735,7/15/2021 19:06,90F',Crawl over,3384.473,3384.473,,,,,
639,AD,July 31 M2U00735,7/15/2021 19:06,D8A',Avoid crawl over,3384.473,3384.473,,,,,
640,AD,July 31 M2U00735,7/15/2021 19:06,90F',Wing stretch,3401.79,3401.79,,,,,
641,AD,July 31 M2U00735,7/15/2021 19:06,90F',END,3444,3444,,,,,
642,AD,July 31 M2U00735,7/15/2021 19:06,B9A',END,3444,3444,,,,,
643,AD,July 31 M2U00735,7/15/2021 19:06,C4B',END,3444,3444,,,,,
644,AD,July 31 M2U00735,7/15/2021 19:06,516',END,3444,3444,,,,,
645,AD,July 31 M2U00735,7/15/2021 19:06,3E4',END,3444,3444,,,,,
646,AD,July 31 M2U00735,7/15/2021 19:06,7F0',END,3444,3444,,,,,
647,AD,July 31 M2U00735,7/15/2021 19:06,D8A',END,3444,3444,,,,,
648,AD,July 31 M2U00735,7/15/2021 19:06,E77',END,3444,3444,,,,,
